Floor,Hall_No,Utilization_Rate
B2 Floor,C2-L202,0.0
B1 Floor,C2-L105,0.0
Ground Floor,C2-006,0.0
B1 Floor,C2-L109,0.0
Ground Floor,C2-005,0.0
B2 Floor,C2-L203,0.0
B1 Floor,C2-L110,1.7857142857142856
B1 Floor,C2-L104,7.142857142857142
Ground Floor,C2-007,10.714285714285714
B2 Floor,C2-103,10.714285714285714
