Floor,Hall_No,Utilization_Rate
FOB,4,80.35714285714286
Ground Floor,C2-009,28.57142857142857
Ground Floor,C2-002,28.57142857142857
Ground Floor,C2-003,25.0
B2 Floor,C2-105,23.214285714285715
B1 Floor,C2-L102,19.642857142857142
B1 Floor,C2-L101,16.071428571428573
B1 Floor,C2-L106,16.071428571428573
B2 Floor,C2-106,14.285714285714285
B1 Floor,C2-L107,14.285714285714285
